date,time,open,high,low,close,vwap,volume,count
2021-09-23 06:11:00,1632377460,0.25129,0.251397,0.251114,0.251114,0.251198,31713.66600081,8
2021-09-23 06:12:00,1632377520,0.251114,0.251114,0.251114,0.251114,0.0,0.0,0
2021-09-23 06:13:00,1632377580,0.251114,0.251114,0.251114,0.251114,0.0,0.0,0
2021-09-23 06:14:00,1632377640,0.2508,0.2508,0.250467,0.250467,0.250603,1340.0320886,4
2021-09-23 06:15:00,1632377700,0.250467,0.250467,0.250467,0.250467,0.0,0.0,0
2021-09-23 06:16:00,1632377760,0.250467,0.250467,0.250467,0.250467,0.0,0.0,0
2021-09-23 06:17:00,1632377820,0.250467,0.250467,0.250467,0.250467,0.0,0.0,0
2021-09-23 06:18:00,1632377880,0.250467,0.250467,0.250467,0.250467,0.0,0.0,0
2021-09-23 06:19:00,1632377940,0.250467,0.250467,0.250467,0.250467,0.0,0.0,0
2021-09-23 06:20:00,1632378000,0.251195,0.251195,0.251195,0.251195,0.251195,316.0,1
2021-09-23 06:21:00,1632378060,0.251195,0.251195,0.251195,0.251195,0.0,0.0,0
2021-09-23 06:22:00,1632378120,0.251195,0.251195,0.251195,0.251195,0.0,0.0,0
2021-09-23 06:23:00,1632378180,0.251627,0.251627,0.251627,0.251627,0.251627,1951.2640928,1
2021-09-23 06:24:00,1632378240,0.251456,0.251456,0.251291,0.251291,0.25143499999999996,344.32045082,3
2021-09-23 06:25:00,1632378300,0.251291,0.251291,0.251291,0.251291,0.0,0.0,0
2021-09-23 06:26:00,1632378360,0.251291,0.251291,0.251291,0.251291,0.0,0.0,0
2021-09-23 06:27:00,1632378420,0.251291,0.251291,0.251291,0.251291,0.0,0.0,0
2021-09-23 06:28:00,1632378480,0.251628,0.251628,0.251628,0.251628,0.251628,114.0,1
2021-09-23 06:29:00,1632378540,0.25179,0.25190100000000004,0.251716,0.25190100000000004,0.251789,20266.0,6
2021-09-23 06:30:00,1632378600,0.251827,0.251827,0.251826,0.251826,0.251826,3998.66108084,2
2021-09-23 06:31:00,1632378660,0.251826,0.251826,0.251826,0.251826,0.0,0.0,0
2021-09-23 06:32:00,1632378720,0.252728,0.252777,0.252728,0.252777,0.252756,20000.0,4
2021-09-23 06:33:00,1632378780,0.252644,0.252816,0.252628,0.252628,0.252707,30200.0,6
2021-09-23 06:34:00,1632378840,0.252628,0.252628,0.252628,0.252628,0.0,0.0,0
2021-09-23 06:35:00,1632378900,0.25294099999999997,0.253132,0.25294099999999997,0.253132,0.25312199999999996,196.45603,2
2021-09-23 06:36:00,1632378960,0.25308600000000003,0.25308600000000003,0.25308600000000003,0.25308600000000003,0.25308600000000003,12.65130447,1
2021-09-23 06:37:00,1632379020,0.253438,0.253438,0.253438,0.253438,0.253438,204.79904168,2
2021-09-23 06:38:00,1632379080,0.253438,0.253438,0.253438,0.253438,0.0,0.0,0
2021-09-23 06:39:00,1632379140,0.253914,0.253914,0.253842,0.253842,0.253843,146.01927063,2
2021-09-23 06:40:00,1632379200,0.253917,0.253917,0.253917,0.253917,0.253917,1150.81181942,1
2021-09-23 06:41:00,1632379260,0.253917,0.253917,0.253917,0.253917,0.0,0.0,0
2021-09-23 06:42:00,1632379320,0.254,0.254,0.254,0.254,0.254,73.69768,2
2021-09-23 06:43:00,1632379380,0.254,0.254315,0.254,0.254315,0.254162,729.75711308,18
2021-09-23 06:44:00,1632379440,0.254315,0.254315,0.254315,0.254315,0.0,0.0,0
2021-09-23 06:45:00,1632379500,0.254315,0.254315,0.254315,0.254315,0.0,0.0,0
2021-09-23 06:46:00,1632379560,0.254652,0.255,0.254652,0.255,0.25495999999999996,704.81469533,12
2021-09-23 06:47:00,1632379620,0.255,0.255,0.255,0.255,0.0,0.0,0
2021-09-23 06:48:00,1632379680,0.255,0.255,0.255,0.255,0.0,0.0,0
2021-09-23 06:49:00,1632379740,0.255208,0.255368,0.25511,0.255368,0.255159,12558.91687302,4
2021-09-23 06:50:00,1632379800,0.255519,0.256036,0.255519,0.25582,0.255623,18970.91078319,21
2021-09-23 06:51:00,1632379860,0.25582,0.25582,0.25582,0.25582,0.0,0.0,0
2021-09-23 06:52:00,1632379920,0.25582,0.25582,0.25582,0.25582,0.0,0.0,0
2021-09-23 06:53:00,1632379980,0.25582,0.25582,0.25582,0.25582,0.0,0.0,0
2021-09-23 06:54:00,1632380040,0.25582,0.25582,0.25582,0.25582,0.0,0.0,0
2021-09-23 06:55:00,1632380100,0.255266,0.255266,0.255266,0.255266,0.255266,240.53889273,1
2021-09-23 06:56:00,1632380160,0.255266,0.255266,0.255266,0.255266,0.0,0.0,0
2021-09-23 06:57:00,1632380220,0.255784,0.255799,0.255784,0.255799,0.25579,1920.14519417,2
2021-09-23 06:58:00,1632380280,0.255799,0.255799,0.255799,0.255799,0.0,0.0,0
2021-09-23 06:59:00,1632380340,0.255799,0.255799,0.255799,0.255799,0.0,0.0,0
2021-09-23 07:00:00,1632380400,0.255696,0.255696,0.25564899999999996,0.25564899999999996,0.255651,1760.08200243,2
2021-09-23 07:01:00,1632380460,0.25564899999999996,0.25564899999999996,0.25564899999999996,0.25564899999999996,0.0,0.0,0
2021-09-23 07:02:00,1632380520,0.25564899999999996,0.25564899999999996,0.25564899999999996,0.25564899999999996,0.0,0.0,0
2021-09-23 07:03:00,1632380580,0.255297,0.255297,0.255297,0.255297,0.255297,165.2,1
2021-09-23 07:04:00,1632380640,0.25506599999999996,0.25506599999999996,0.25506100000000004,0.25506100000000004,0.255064,938.28856835,3
2021-09-23 07:05:00,1632380700,0.255841,0.255841,0.255841,0.255841,0.255841,110.54976,1
2021-09-23 07:06:00,1632380760,0.255841,0.255841,0.255841,0.255841,0.0,0.0,0
2021-09-23 07:07:00,1632380820,0.255718,0.255718,0.25567,0.25567,0.255716,4100.0,2
2021-09-23 07:08:00,1632380880,0.255459,0.256598,0.255459,0.25642800000000004,0.256332,8662.06764843,7
2021-09-23 07:09:00,1632380940,0.25659899999999997,0.257887,0.25659899999999997,0.257886,0.257133,23010.55005844,17
2021-09-23 07:10:00,1632381000,0.257604,0.257704,0.257604,0.257704,0.25769699999999995,1452.37541923,4
2021-09-23 07:11:00,1632381060,0.257704,0.257704,0.257704,0.257704,0.0,0.0,0
2021-09-23 07:12:00,1632381120,0.2565,0.2565,0.2565,0.2565,0.2565,3000.0,2
2021-09-23 07:13:00,1632381180,0.2565,0.2565,0.2565,0.2565,0.0,0.0,0
2021-09-23 07:14:00,1632381240,0.256218,0.256218,0.256218,0.256218,0.256218,8.96,1
2021-09-23 07:15:00,1632381300,0.256422,0.257278,0.256422,0.257278,0.256443,4224.85197634,5
2021-09-23 07:16:00,1632381360,0.257278,0.257278,0.257278,0.257278,0.0,0.0,0
2021-09-23 07:17:00,1632381420,0.256688,0.256688,0.256688,0.256688,0.256688,383.94484,1
2021-09-23 07:18:00,1632381480,0.25721900000000003,0.25721900000000003,0.25721900000000003,0.25721900000000003,0.25721900000000003,39.6303,1
2021-09-23 07:19:00,1632381540,0.25721900000000003,0.25721900000000003,0.25721900000000003,0.25721900000000003,0.0,0.0,0
2021-09-23 07:20:00,1632381600,0.25721900000000003,0.25721900000000003,0.25721900000000003,0.25721900000000003,0.0,0.0,0
2021-09-23 07:21:00,1632381660,0.25721900000000003,0.25721900000000003,0.25721900000000003,0.25721900000000003,0.0,0.0,0
2021-09-23 07:22:00,1632381720,0.25721900000000003,0.25721900000000003,0.25721900000000003,0.25721900000000003,0.0,0.0,0
2021-09-23 07:23:00,1632381780,0.25721900000000003,0.25721900000000003,0.25721900000000003,0.25721900000000003,0.0,0.0,0
2021-09-23 07:24:00,1632381840,0.25721900000000003,0.25721900000000003,0.25721900000000003,0.25721900000000003,0.0,0.0,0
2021-09-23 07:25:00,1632381900,0.257498,0.257498,0.257498,0.257498,0.257498,91.08785,1
2021-09-23 07:26:00,1632381960,0.257544,0.257544,0.257544,0.257544,0.257544,5700.0,2
2021-09-23 07:27:00,1632382020,0.257544,0.257544,0.257544,0.257544,0.0,0.0,0
2021-09-23 07:28:00,1632382080,0.257315,0.257315,0.257315,0.257315,0.257315,125.34768423,1
2021-09-23 07:29:00,1632382140,0.257259,0.257259,0.257259,0.257259,0.257259,765.97032,1
2021-09-23 07:30:00,1632382200,0.257248,0.257291,0.257248,0.257291,0.257248,4438.29092,2
2021-09-23 07:31:00,1632382260,0.257291,0.257291,0.257291,0.257291,0.0,0.0,0
2021-09-23 07:32:00,1632382320,0.257291,0.257291,0.257291,0.257291,0.0,0.0,0
2021-09-23 07:33:00,1632382380,0.257628,0.257705,0.257628,0.257705,0.257654,8348.26301132,4
2021-09-23 07:34:00,1632382440,0.257705,0.257705,0.257705,0.257705,0.0,0.0,0
2021-09-23 07:35:00,1632382500,0.257186,0.257186,0.257185,0.257185,0.257185,5700.0,2
2021-09-23 07:36:00,1632382560,0.257185,0.257185,0.257185,0.257185,0.0,0.0,0
2021-09-23 07:37:00,1632382620,0.257185,0.257185,0.257185,0.257185,0.0,0.0,0
2021-09-23 07:38:00,1632382680,0.257691,0.257691,0.257691,0.257691,0.257691,48.88693487,1
2021-09-23 07:39:00,1632382740,0.257691,0.257691,0.257691,0.257691,0.0,0.0,0
2021-09-23 07:40:00,1632382800,0.257691,0.257691,0.257691,0.257691,0.0,0.0,0
2021-09-23 07:41:00,1632382860,0.25716100000000003,0.25716100000000003,0.25716100000000003,0.25716100000000003,0.25716100000000003,686.09049,1
2021-09-23 07:42:00,1632382920,0.25716100000000003,0.257399,0.25716100000000003,0.257399,0.25737899999999997,1608.35982444,2
2021-09-23 07:43:00,1632382980,0.25755,0.25755,0.25755,0.25755,0.25755,100.0,1
2021-09-23 07:44:00,1632383040,0.257315,0.257315,0.257315,0.257315,0.257315,3011.725491,1
2021-09-23 07:45:00,1632383100,0.257315,0.257315,0.257315,0.257315,0.0,0.0,0
2021-09-23 07:46:00,1632383160,0.25749,0.25749,0.25749,0.25749,0.25749,334.0,1
2021-09-23 07:47:00,1632383220,0.257322,0.257322,0.257297,0.257297,0.257299,16353.32541923,5
2021-09-23 07:48:00,1632383280,0.25716500000000003,0.25716500000000003,0.25716500000000003,0.25716500000000003,0.25716500000000003,807.45005565,1
2021-09-23 07:49:00,1632383340,0.25716500000000003,0.25716500000000003,0.25716500000000003,0.25716500000000003,0.0,0.0,0
2021-09-23 07:50:00,1632383400,0.256612,0.256612,0.256612,0.256612,0.256612,383.93437,1
2021-09-23 07:51:00,1632383460,0.256612,0.256612,0.256612,0.256612,0.0,0.0,0
2021-09-23 07:52:00,1632383520,0.256612,0.256612,0.256612,0.256612,0.0,0.0,0
2021-09-23 07:53:00,1632383580,0.256612,0.256612,0.256612,0.256612,0.0,0.0,0
2021-09-23 07:54:00,1632383640,0.256612,0.256612,0.256612,0.256612,0.0,0.0,0
2021-09-23 07:55:00,1632383700,0.256612,0.256612,0.256612,0.256612,0.0,0.0,0
2021-09-23 07:56:00,1632383760,0.25695300000000004,0.25708200000000003,0.25695300000000004,0.25708200000000003,0.257079,225.50743531,2
2021-09-23 07:57:00,1632383820,0.25708200000000003,0.25708200000000003,0.25708200000000003,0.25708200000000003,0.0,0.0,0
2021-09-23 07:58:00,1632383880,0.257036,0.257036,0.257036,0.257036,0.257036,1916.50522,1
2021-09-23 07:59:00,1632383940,0.25700100000000003,0.25700100000000003,0.25700100000000003,0.25700100000000003,0.25700100000000003,300.0,1
2021-09-23 08:00:00,1632384000,0.257126,0.257126,0.257126,0.257126,0.257126,136.16395078,1
2021-09-23 08:01:00,1632384060,0.25745300000000004,0.25745300000000004,0.25745300000000004,0.25745300000000004,0.25745300000000004,2147.7996350000008,1
2021-09-23 08:02:00,1632384120,0.25745300000000004,0.25745300000000004,0.25745300000000004,0.25745300000000004,0.0,0.0,0
2021-09-23 08:03:00,1632384180,0.257623,0.257623,0.257623,0.257623,0.257623,367.2931,1
2021-09-23 08:04:00,1632384240,0.257687,0.258,0.257687,0.258,0.257735,16039.23824336,14
2021-09-23 08:05:00,1632384300,0.257816,0.257816,0.257274,0.257274,0.257333,351.70187839,2
2021-09-23 08:06:00,1632384360,0.2573,0.2573,0.257004,0.257004,0.257293,18675.5538282,2
2021-09-23 08:07:00,1632384420,0.25686,0.25686,0.25686,0.25686,0.25686,400.0,1
2021-09-23 08:08:00,1632384480,0.256793,0.256793,0.256579,0.25658400000000003,0.256629,50400.0,6
2021-09-23 08:09:00,1632384540,0.25651399999999996,0.25651399999999996,0.25651399999999996,0.25651399999999996,0.25651399999999996,1949.21134909,1
2021-09-23 08:10:00,1632384600,0.256573,0.256573,0.256573,0.256573,0.256573,298.54662,1
2021-09-23 08:11:00,1632384660,0.256573,0.256573,0.256573,0.256573,0.0,0.0,0
2021-09-23 08:12:00,1632384720,0.256537,0.256537,0.256537,0.256537,0.256537,265.49,1
2021-09-23 08:13:00,1632384780,0.256444,0.256444,0.256444,0.256444,0.256444,768.70003157,1
2021-09-23 08:14:00,1632384840,0.256497,0.256497,0.256446,0.256446,0.256494,7617.182890000001,2
2021-09-23 08:15:00,1632384900,0.256446,0.256446,0.256446,0.256446,0.0,0.0,0
2021-09-23 08:16:00,1632384960,0.256312,0.256312,0.255891,0.255891,0.25604099999999996,1331.12058781,3
2021-09-23 08:17:00,1632385020,0.255891,0.255891,0.255891,0.255891,0.0,0.0,0
2021-09-23 08:18:00,1632385080,0.255891,0.255891,0.255891,0.255891,0.0,0.0,0
2021-09-23 08:19:00,1632385140,0.25595500000000004,0.25604,0.255936,0.25604,0.255972,52421.00644519999,7
2021-09-23 08:20:00,1632385200,0.25598899999999997,0.25598899999999997,0.25598899999999997,0.25598899999999997,0.25598899999999997,184.25538,1
2021-09-23 08:21:00,1632385260,0.25614699999999996,0.25614699999999996,0.256052,0.256052,0.25611300000000004,23899.0,7
2021-09-23 08:22:00,1632385320,0.256052,0.256052,0.256052,0.256052,0.0,0.0,0
2021-09-23 08:23:00,1632385380,0.255936,0.255936,0.255936,0.255936,0.255936,62.66953327,1
2021-09-23 08:24:00,1632385440,0.255936,0.255936,0.255936,0.255936,0.255936,335.28814372,2
2021-09-23 08:25:00,1632385500,0.25593699999999997,0.25593699999999997,0.25593699999999997,0.25593699999999997,0.25593699999999997,1942.66709286,2
2021-09-23 08:26:00,1632385560,0.25593699999999997,0.25593699999999997,0.25593699999999997,0.25593699999999997,0.25593699999999997,114.53395893,1
2021-09-23 08:27:00,1632385620,0.255936,0.255936,0.255641,0.255641,0.255824,355.45759769,3
2021-09-23 08:28:00,1632385680,0.25556,0.25556,0.25543499999999997,0.25543499999999997,0.255475,994.61807463,2
2021-09-23 08:29:00,1632385740,0.25543499999999997,0.255805,0.25543499999999997,0.255805,0.25546199999999997,1135.5972577,6
2021-09-23 08:30:00,1632385800,0.255805,0.255805,0.255805,0.255805,0.0,0.0,0
2021-09-23 08:31:00,1632385860,0.255805,0.255805,0.255805,0.255805,0.0,0.0,0
2021-09-23 08:32:00,1632385920,0.255382,0.255382,0.255382,0.255382,0.255382,201.62485916,1
2021-09-23 08:33:00,1632385980,0.255382,0.255382,0.255382,0.255382,0.0,0.0,0
2021-09-23 08:34:00,1632386040,0.255382,0.255382,0.255382,0.255382,0.0,0.0,0
2021-09-23 08:35:00,1632386100,0.255382,0.255382,0.255382,0.255382,0.0,0.0,0
2021-09-23 08:36:00,1632386160,0.255079,0.255089,0.255079,0.255089,0.255087,1699.50354263,3
2021-09-23 08:37:00,1632386220,0.255089,0.255089,0.255089,0.255089,0.0,0.0,0
2021-09-23 08:38:00,1632386280,0.25509,0.25509,0.25509,0.25509,0.25509,772.45025,1
2021-09-23 08:39:00,1632386340,0.255089,0.255089,0.255,0.255,0.25500500000000004,1515.33040452,7
2021-09-23 08:40:00,1632386400,0.254712,0.254713,0.254652,0.254652,0.254697,313.50329729,4
2021-09-23 08:41:00,1632386460,0.254103,0.254103,0.254023,0.254023,0.254062,99.32986,2
2021-09-23 08:42:00,1632386520,0.254023,0.254023,0.254023,0.254023,0.0,0.0,0
2021-09-23 08:43:00,1632386580,0.254171,0.254171,0.254171,0.254171,0.254171,42.1065,1
2021-09-23 08:44:00,1632386640,0.254171,0.254171,0.254171,0.254171,0.0,0.0,0
2021-09-23 08:45:00,1632386700,0.254318,0.254318,0.254318,0.254318,0.254318,45.34005449,1
2021-09-23 08:46:00,1632386760,0.254318,0.254318,0.254318,0.254318,0.0,0.0,0
2021-09-23 08:47:00,1632386820,0.25417,0.25417,0.25417,0.25417,0.25417,1061.0,1
2021-09-23 08:48:00,1632386880,0.25417,0.25417,0.25417,0.25417,0.0,0.0,0
2021-09-23 08:49:00,1632386940,0.25417,0.25417,0.25417,0.25417,0.0,0.0,0
2021-09-23 08:50:00,1632387000,0.25417,0.25417,0.25417,0.25417,0.0,0.0,0
2021-09-23 08:51:00,1632387060,0.25400100000000003,0.25400100000000003,0.25400100000000003,0.25400100000000003,0.25400100000000003,2332.7224300000007,1
2021-09-23 08:52:00,1632387120,0.25395,0.25395,0.253836,0.253836,0.253871,500.22002056,3
2021-09-23 08:53:00,1632387180,0.253836,0.253836,0.253836,0.253836,0.0,0.0,0
2021-09-23 08:54:00,1632387240,0.253836,0.253836,0.253836,0.253836,0.0,0.0,0
2021-09-23 08:55:00,1632387300,0.253836,0.253836,0.253836,0.253836,0.0,0.0,0
2021-09-23 08:56:00,1632387360,0.253836,0.253836,0.253836,0.253836,0.0,0.0,0
2021-09-23 08:57:00,1632387420,0.253836,0.253848,0.253836,0.253848,0.253836,167.28819943,2
2021-09-23 08:58:00,1632387480,0.253848,0.253848,0.253848,0.253848,0.0,0.0,0
2021-09-23 08:59:00,1632387540,0.253848,0.253848,0.253848,0.253848,0.0,0.0,0
2021-09-23 09:00:00,1632387600,0.25377,0.25377,0.25377,0.25377,0.25377,78.81028001,1
2021-09-23 09:01:00,1632387660,0.253815,0.253815,0.253801,0.253801,0.253807,2365.48761,2
2021-09-23 09:02:00,1632387720,0.254198,0.254198,0.254198,0.254198,0.254198,191.44570838,1
2021-09-23 09:03:00,1632387780,0.25411100000000003,0.25411100000000003,0.25411100000000003,0.25411100000000003,0.25411100000000003,10.0,1
2021-09-23 09:04:00,1632387840,0.253917,0.253917,0.253728,0.253728,0.253852,860.9017102,2
2021-09-23 09:05:00,1632387900,0.253728,0.253728,0.253728,0.253728,0.0,0.0,0
2021-09-23 09:06:00,1632387960,0.253728,0.253728,0.253728,0.253728,0.0,0.0,0
2021-09-23 09:07:00,1632388020,0.253788,0.253788,0.253788,0.253788,0.253788,72.15935,1
2021-09-23 09:08:00,1632388080,0.253706,0.254031,0.25367199999999995,0.254031,0.25387600000000005,7334.77317784,3
2021-09-23 09:09:00,1632388140,0.253686,0.253686,0.253686,0.253686,0.253686,31.84303,1
2021-09-23 09:10:00,1632388200,0.254502,0.254502,0.254231,0.254231,0.25445,23103.87500002,9
2021-09-23 09:11:00,1632388260,0.254231,0.254231,0.254231,0.254231,0.0,0.0,0
2021-09-23 09:12:00,1632388320,0.254231,0.254231,0.254231,0.254231,0.0,0.0,0
2021-09-23 09:13:00,1632388380,0.254402,0.254565,0.254402,0.254565,0.25446799999999997,253.940903,2
2021-09-23 09:14:00,1632388440,0.254565,0.254565,0.254565,0.254565,0.0,0.0,0
2021-09-23 09:15:00,1632388500,0.25406999999999996,0.25406999999999996,0.253941,0.253941,0.253979,429.41539889,2
2021-09-23 09:16:00,1632388560,0.253871,0.253871,0.253871,0.253871,0.253871,3993.60000002,2
2021-09-23 09:17:00,1632388620,0.253871,0.253871,0.253871,0.253871,0.0,0.0,0
2021-09-23 09:18:00,1632388680,0.254441,0.254441,0.254441,0.254441,0.254441,387.03685,1
2021-09-23 09:19:00,1632388740,0.254441,0.254441,0.254441,0.254441,0.0,0.0,0
2021-09-23 09:20:00,1632388800,0.254286,0.254286,0.254286,0.254286,0.254286,135.05987447,1
2021-09-23 09:21:00,1632388860,0.25412399999999996,0.25412399999999996,0.25412399999999996,0.25412399999999996,0.25412399999999996,1617.46,1
2021-09-23 09:22:00,1632388920,0.25414899999999996,0.25414899999999996,0.25414899999999996,0.25414899999999996,0.25414899999999996,10.65718286,1
2021-09-23 09:23:00,1632388980,0.253988,0.253988,0.25397600000000004,0.25397600000000004,0.253986,5000.0,2
2021-09-23 09:24:00,1632389040,0.25397600000000004,0.25397600000000004,0.25397600000000004,0.25397600000000004,0.0,0.0,0
2021-09-23 09:25:00,1632389100,0.254116,0.254116,0.254116,0.254116,0.254116,400.0,1
2021-09-23 09:26:00,1632389160,0.25441199999999997,0.25441199999999997,0.25441199999999997,0.25441199999999997,0.25441199999999997,1148.98000303,1
2021-09-23 09:27:00,1632389220,0.25441199999999997,0.25441199999999997,0.25441199999999997,0.25441199999999997,0.0,0.0,0
2021-09-23 09:28:00,1632389280,0.25426,0.25426,0.25426,0.25426,0.25426,4848.8054898,8
2021-09-23 09:29:00,1632389340,0.25426,0.25426,0.25426,0.25426,0.0,0.0,0
2021-09-23 09:30:00,1632389400,0.25426,0.25426,0.25426,0.25426,0.25426,1050.66749061,1
2021-09-23 09:31:00,1632389460,0.254321,0.25434,0.254321,0.25434,0.254333,11414.40678,2
2021-09-23 09:32:00,1632389520,0.25434,0.25434,0.25434,0.25434,0.0,0.0,0
2021-09-23 09:33:00,1632389580,0.253848,0.253848,0.253801,0.253817,0.25383,7811.22603797,3
2021-09-23 09:34:00,1632389640,0.253779,0.253779,0.253384,0.253384,0.253438,3500.392919,6
2021-09-23 09:35:00,1632389700,0.253384,0.253384,0.253384,0.253384,0.0,0.0,0
2021-09-23 09:36:00,1632389760,0.253384,0.253384,0.253384,0.253384,0.0,0.0,0
2021-09-23 09:37:00,1632389820,0.253697,0.253697,0.253697,0.253697,0.253697,90.955314,1
2021-09-23 09:38:00,1632389880,0.25352800000000003,0.25352800000000003,0.25352800000000003,0.25352800000000003,0.25352800000000003,441.95839543,1
2021-09-23 09:39:00,1632389940,0.253554,0.253554,0.253554,0.253554,0.253554,10.89198814,1
2021-09-23 09:40:00,1632390000,0.253554,0.253554,0.253554,0.253554,0.0,0.0,0
2021-09-23 09:41:00,1632390060,0.253554,0.253554,0.253554,0.253554,0.0,0.0,0
2021-09-23 09:42:00,1632390120,0.25374800000000003,0.253848,0.25374800000000003,0.253847,0.253843,4294.17910016,4
2021-09-23 09:43:00,1632390180,0.253847,0.253847,0.253847,0.253847,0.0,0.0,0
2021-09-23 09:44:00,1632390240,0.253847,0.253847,0.253847,0.253847,0.0,0.0,0
2021-09-23 09:45:00,1632390300,0.253847,0.253847,0.253847,0.253847,0.0,0.0,0
2021-09-23 09:46:00,1632390360,0.253847,0.253847,0.253847,0.253847,0.0,0.0,0
2021-09-23 09:47:00,1632390420,0.253847,0.253847,0.253847,0.253847,0.0,0.0,0
2021-09-23 09:48:00,1632390480,0.253847,0.253847,0.253847,0.253847,0.0,0.0,0
2021-09-23 09:49:00,1632390540,0.2537,0.253913,0.2537,0.253913,0.253793,46328.1327528,9
2021-09-23 09:50:00,1632390600,0.253913,0.253913,0.253913,0.253913,0.0,0.0,0
2021-09-23 09:51:00,1632390660,0.253913,0.253913,0.253913,0.253913,0.0,0.0,0
2021-09-23 09:52:00,1632390720,0.253913,0.253913,0.253913,0.253913,0.0,0.0,0
2021-09-23 09:53:00,1632390780,0.253853,0.253853,0.253853,0.253853,0.253853,776.21432,1
2021-09-23 09:54:00,1632390840,0.253739,0.253841,0.253739,0.253841,0.253784,315.26312429,2
2021-09-23 09:55:00,1632390900,0.253684,0.253684,0.253684,0.253684,0.253684,10385.98000906,10
2021-09-23 09:56:00,1632390960,0.25390799999999997,0.25390799999999997,0.25390799999999997,0.25390799999999997,0.25390799999999997,202.22995502,1
2021-09-23 09:57:00,1632391020,0.253821,0.253821,0.253821,0.253821,0.253821,170.92380245,2
2021-09-23 09:58:00,1632391080,0.253821,0.253821,0.253821,0.253821,0.0,0.0,0
2021-09-23 09:59:00,1632391140,0.253821,0.253821,0.253821,0.253821,0.0,0.0,0
2021-09-23 10:00:00,1632391200,0.25355700000000003,0.25355700000000003,0.25355700000000003,0.25355700000000003,0.25355700000000003,193.10765577,1
2021-09-23 10:01:00,1632391260,0.25355700000000003,0.25355700000000003,0.25355700000000003,0.25355700000000003,0.0,0.0,0
2021-09-23 10:02:00,1632391320,0.25354699999999997,0.25354699999999997,0.25354699999999997,0.25354699999999997,0.25354699999999997,388.60621,1
2021-09-23 10:03:00,1632391380,0.25354699999999997,0.25354699999999997,0.25354699999999997,0.25354699999999997,0.0,0.0,0
2021-09-23 10:04:00,1632391440,0.253039,0.253285,0.253039,0.253128,0.253231,8752.051945799998,4
2021-09-23 10:05:00,1632391500,0.253128,0.253128,0.253128,0.253128,0.0,0.0,0
2021-09-23 10:06:00,1632391560,0.253128,0.253128,0.253128,0.253128,0.0,0.0,0
2021-09-23 10:07:00,1632391620,0.253128,0.253128,0.253128,0.253128,0.0,0.0,0
2021-09-23 10:08:00,1632391680,0.253128,0.253128,0.253128,0.253128,0.0,0.0,0
2021-09-23 10:09:00,1632391740,0.253594,0.253594,0.253594,0.253594,0.253594,39.33177999,1
2021-09-23 10:10:00,1632391800,0.253594,0.253594,0.253594,0.253594,0.0,0.0,0
2021-09-23 10:11:00,1632391860,0.25303600000000004,0.25303600000000004,0.25303600000000004,0.25303600000000004,0.25303600000000004,89.91275646,1
2021-09-23 10:12:00,1632391920,0.252762,0.252762,0.252672,0.252672,0.252713,436.35017991,2
2021-09-23 10:13:00,1632391980,0.25251999999999997,0.25251999999999997,0.252345,0.252345,0.252379,197.36386121,2
2021-09-23 10:14:00,1632392040,0.251832,0.251832,0.251348,0.251348,0.251539,91.09906787,2
2021-09-23 10:15:00,1632392100,0.251339,0.251339,0.251116,0.251116,0.251246,633.75280244,4
2021-09-23 10:16:00,1632392160,0.251116,0.251116,0.251116,0.251116,0.0,0.0,0
2021-09-23 10:17:00,1632392220,0.251562,0.251562,0.251504,0.251504,0.25153200000000003,30000.0,5
2021-09-23 10:18:00,1632392280,0.25242,0.25242,0.25242,0.25242,0.25242,3000.0,1
2021-09-23 10:19:00,1632392340,0.252686,0.252686,0.252684,0.252684,0.252685,9599.9682669,4
2021-09-23 10:20:00,1632392400,0.25242600000000004,0.25242600000000004,0.252419,0.252419,0.252421,749.2834303,5
2021-09-23 10:21:00,1632392460,0.251838,0.251838,0.251838,0.251838,0.251838,77.84730242,1
2021-09-23 10:22:00,1632392520,0.25156999999999996,0.25156999999999996,0.251197,0.251197,0.251202,8416.11046221,2
2021-09-23 10:23:00,1632392580,0.250816,0.250816,0.250606,0.250606,0.25069400000000003,17860.0,3
2021-09-23 10:24:00,1632392640,0.250244,0.250244,0.249822,0.249822,0.24990900000000002,1901.68434286,8
2021-09-23 10:25:00,1632392700,0.250422,0.250422,0.250419,0.250419,0.25042,15160.0,4
2021-09-23 10:26:00,1632392760,0.250554,0.250554,0.25037,0.25054699999999996,0.25042600000000004,22790.01660726,7
2021-09-23 10:27:00,1632392820,0.250688,0.250688,0.250688,0.250688,0.250688,27.364625,1
2021-09-23 10:28:00,1632392880,0.250945,0.250945,0.250683,0.250683,0.250745,3330.27955385,3
2021-09-23 10:29:00,1632392940,0.250783,0.250783,0.250485,0.250485,0.250521,8240.0,3
2021-09-23 10:30:00,1632393000,0.25026,0.25042800000000004,0.250166,0.25042800000000004,0.250192,11961.31122,8
2021-09-23 10:31:00,1632393060,0.250603,0.250788,0.250565,0.250788,0.25058,410.7401,3
2021-09-23 10:32:00,1632393120,0.250788,0.250788,0.250788,0.250788,0.0,0.0,0
2021-09-23 10:33:00,1632393180,0.251186,0.251186,0.251186,0.251186,0.251186,100.0,1
2021-09-23 10:34:00,1632393240,0.251848,0.251848,0.251848,0.251848,0.251848,222.98,1
2021-09-23 10:35:00,1632393300,0.251848,0.251848,0.251848,0.251848,0.0,0.0,0
2021-09-23 10:36:00,1632393360,0.251827,0.251827,0.251485,0.251485,0.251612,3821.11585537,3
2021-09-23 10:37:00,1632393420,0.251485,0.251485,0.251485,0.251485,0.0,0.0,0
2021-09-23 10:38:00,1632393480,0.251485,0.251485,0.251485,0.251485,0.0,0.0,0
2021-09-23 10:39:00,1632393540,0.251485,0.251485,0.251485,0.251485,0.0,0.0,0
2021-09-23 10:40:00,1632393600,0.251485,0.251485,0.251485,0.251485,0.0,0.0,0
2021-09-23 10:41:00,1632393660,0.25108400000000003,0.25108400000000003,0.25108400000000003,0.25108400000000003,0.25108400000000003,214.31851976,1
2021-09-23 10:42:00,1632393720,0.25108400000000003,0.25108400000000003,0.25108400000000003,0.25108400000000003,0.0,0.0,0
2021-09-23 10:43:00,1632393780,0.25108400000000003,0.25108400000000003,0.25108400000000003,0.25108400000000003,0.0,0.0,0
2021-09-23 10:44:00,1632393840,0.25149099999999996,0.25149099999999996,0.25149099999999996,0.25149099999999996,0.25149099999999996,2000.0,1
2021-09-23 10:45:00,1632393900,0.251411,0.251411,0.251411,0.251411,0.251411,60.0,1
2021-09-23 10:46:00,1632393960,0.251411,0.251411,0.251411,0.251411,0.0,0.0,0
2021-09-23 10:47:00,1632394020,0.251411,0.251411,0.251411,0.251411,0.0,0.0,0
2021-09-23 10:48:00,1632394080,0.251411,0.251411,0.251411,0.251411,0.0,0.0,0
2021-09-23 10:49:00,1632394140,0.252064,0.252064,0.252064,0.252064,0.252064,3649.838274,1
2021-09-23 10:50:00,1632394200,0.25211100000000003,0.252123,0.25211100000000003,0.252123,0.25211300000000003,5474.757411,2
2021-09-23 10:51:00,1632394260,0.25206,0.25206,0.25206,0.25206,0.25206,800.0,1
2021-09-23 10:52:00,1632394320,0.25206,0.25206,0.25206,0.25206,0.0,0.0,0
2021-09-23 10:53:00,1632394380,0.25206,0.25206,0.25206,0.25206,0.0,0.0,0
2021-09-23 10:54:00,1632394440,0.25206,0.25206,0.25206,0.25206,0.0,0.0,0
2021-09-23 10:55:00,1632394500,0.251422,0.251422,0.251422,0.251422,0.251422,98.01913,1
2021-09-23 10:56:00,1632394560,0.251422,0.251422,0.251422,0.251422,0.0,0.0,0
2021-09-23 10:57:00,1632394620,0.251583,0.251583,0.251583,0.251583,0.251583,3578.66668,2
2021-09-23 10:58:00,1632394680,0.251583,0.251583,0.251583,0.251583,0.0,0.0,0
2021-09-23 10:59:00,1632394740,0.251583,0.251583,0.251583,0.251583,0.0,0.0,0
2021-09-23 11:00:00,1632394800,0.251583,0.251583,0.251583,0.251583,0.0,0.0,0
2021-09-23 11:01:00,1632394860,0.251583,0.251583,0.251583,0.251583,0.0,0.0,0
2021-09-23 11:02:00,1632394920,0.251583,0.251583,0.251583,0.251583,0.0,0.0,0
2021-09-23 11:03:00,1632394980,0.251583,0.251583,0.251583,0.251583,0.0,0.0,0
2021-09-23 11:04:00,1632395040,0.251679,0.251679,0.251494,0.25152399999999997,0.251668,4210.70674,9
2021-09-23 11:05:00,1632395100,0.25152399999999997,0.25152399999999997,0.25152399999999997,0.25152399999999997,0.0,0.0,0
2021-09-23 11:06:00,1632395160,0.25152399999999997,0.25152399999999997,0.25152399999999997,0.25152399999999997,0.0,0.0,0
2021-09-23 11:07:00,1632395220,0.25108400000000003,0.25108400000000003,0.25108400000000003,0.25108400000000003,0.25108400000000003,6191.04422736,9
2021-09-23 11:08:00,1632395280,0.25108400000000003,0.25108400000000003,0.25108400000000003,0.25108400000000003,0.0,0.0,0
2021-09-23 11:09:00,1632395340,0.25050300000000003,0.25050300000000003,0.250263,0.250263,0.250332,100000.0,9
2021-09-23 11:10:00,1632395400,0.250263,0.250263,0.250263,0.250263,0.0,0.0,0
2021-09-23 11:11:00,1632395460,0.250263,0.250263,0.250263,0.250263,0.0,0.0,0
2021-09-23 11:12:00,1632395520,0.250263,0.250263,0.250263,0.250263,0.0,0.0,0
2021-09-23 11:13:00,1632395580,0.250158,0.250158,0.250158,0.250158,0.250158,581.98000288,1
2021-09-23 11:14:00,1632395640,0.250158,0.250158,0.250158,0.250158,0.0,0.0,0
2021-09-23 11:15:00,1632395700,0.250158,0.250158,0.250158,0.250158,0.0,0.0,0
2021-09-23 11:16:00,1632395760,0.250158,0.250158,0.250158,0.250158,0.0,0.0,0
2021-09-23 11:17:00,1632395820,0.250158,0.250158,0.250158,0.250158,0.0,0.0,0
2021-09-23 11:18:00,1632395880,0.250569,0.250569,0.250569,0.250569,0.250569,638.83675916,1
2021-09-23 11:19:00,1632395940,0.250569,0.250569,0.250569,0.250569,0.0,0.0,0
2021-09-23 11:20:00,1632396000,0.249613,0.249658,0.249613,0.249658,0.249648,733.33836549,5
2021-09-23 11:21:00,1632396060,0.249658,0.249658,0.249658,0.249658,0.0,0.0,0
2021-09-23 11:22:00,1632396120,0.25,0.25,0.25,0.25,0.25,28.199,2
2021-09-23 11:23:00,1632396180,0.249925,0.249925,0.249925,0.249925,0.249925,297.03569,1
2021-09-23 11:24:00,1632396240,0.249925,0.249925,0.249925,0.249925,0.0,0.0,0
2021-09-23 11:25:00,1632396300,0.249925,0.249925,0.249925,0.249925,0.0,0.0,0
2021-09-23 11:26:00,1632396360,0.249925,0.249925,0.249925,0.249925,0.0,0.0,0
2021-09-23 11:27:00,1632396420,0.25,0.25,0.25,0.25,0.25,1651.23456789,1
2021-09-23 11:28:00,1632396480,0.25043899999999997,0.25043899999999997,0.25043899999999997,0.25043899999999997,0.25043899999999997,289.1586838,1
2021-09-23 11:29:00,1632396540,0.25043899999999997,0.25043899999999997,0.25043899999999997,0.25043899999999997,0.0,0.0,0
2021-09-23 11:30:00,1632396600,0.25043899999999997,0.25043899999999997,0.25043899999999997,0.25043899999999997,0.0,0.0,0
2021-09-23 11:31:00,1632396660,0.25043899999999997,0.25043899999999997,0.25043899999999997,0.25043899999999997,0.0,0.0,0
2021-09-23 11:32:00,1632396720,0.25043899999999997,0.25043899999999997,0.25043899999999997,0.25043899999999997,0.0,0.0,0
2021-09-23 11:33:00,1632396780,0.25043899999999997,0.25043899999999997,0.25043899999999997,0.25043899999999997,0.0,0.0,0
2021-09-23 11:34:00,1632396840,0.25043899999999997,0.25043899999999997,0.25043899999999997,0.25043899999999997,0.0,0.0,0
2021-09-23 11:35:00,1632396900,0.2499760000000001,0.2499760000000001,0.2499760000000001,0.2499760000000001,0.2499760000000001,999.72407615,1
2021-09-23 11:36:00,1632396960,0.2499760000000001,0.2499760000000001,0.2499760000000001,0.2499760000000001,0.0,0.0,0
2021-09-23 11:37:00,1632397020,0.2499760000000001,0.2499760000000001,0.2499760000000001,0.2499760000000001,0.0,0.0,0
2021-09-23 11:38:00,1632397080,0.2499760000000001,0.2499760000000001,0.2499760000000001,0.2499760000000001,0.0,0.0,0
2021-09-23 11:39:00,1632397140,0.24951500000000001,0.24951500000000001,0.24951500000000001,0.24951500000000001,0.24951500000000001,574.56423,1
2021-09-23 11:40:00,1632397200,0.24909,0.24909,0.24909,0.24909,0.24909,200.0000087,1
2021-09-23 11:41:00,1632397260,0.24909099999999998,0.24909099999999998,0.24909099999999998,0.24909099999999998,0.24909099999999998,108.348761,1
2021-09-23 11:42:00,1632397320,0.2492,0.2492,0.249192,0.249192,0.24919699999999997,1593.56,2
2021-09-23 11:43:00,1632397380,0.249192,0.249192,0.249192,0.249192,0.0,0.0,0
2021-09-23 11:44:00,1632397440,0.249192,0.249192,0.249192,0.249192,0.0,0.0,0
2021-09-23 11:45:00,1632397500,0.24917399999999998,0.24917399999999998,0.248511,0.248515,0.24856199999999998,79161.77073507,14
2021-09-23 11:46:00,1632397560,0.24851199999999998,0.24851199999999998,0.24851199999999998,0.24851199999999998,0.24851199999999998,225.74873671,1
2021-09-23 11:47:00,1632397620,0.24851199999999998,0.24851199999999998,0.24851199999999998,0.24851199999999998,0.0,0.0,0
2021-09-23 11:48:00,1632397680,0.24824200000000002,0.24824200000000002,0.248,0.248,0.2480300000000001,51675.383821,28
2021-09-23 11:49:00,1632397740,0.248,0.248,0.248,0.248,0.0,0.0,0
2021-09-23 11:50:00,1632397800,0.24803499999999998,0.24814699999999998,0.24803499999999998,0.24814699999999998,0.248052,852.09502028,3
2021-09-23 11:51:00,1632397860,0.248059,0.248059,0.247842,0.247842,0.24787399999999998,5020.0,2
2021-09-23 11:52:00,1632397920,0.247842,0.247842,0.247842,0.247842,0.0,0.0,0
2021-09-23 11:53:00,1632397980,0.24843400000000002,0.24843400000000002,0.24843400000000002,0.24843400000000002,0.24843400000000002,1000.0,1
2021-09-23 11:54:00,1632398040,0.24843400000000002,0.24843400000000002,0.24843400000000002,0.24843400000000002,0.0,0.0,0
2021-09-23 11:55:00,1632398100,0.24846500000000002,0.24874699999999997,0.24846500000000002,0.24874699999999997,0.24871999999999997,225.0,3
2021-09-23 11:56:00,1632398160,0.24874699999999997,0.24874699999999997,0.24874699999999997,0.24874699999999997,0.0,0.0,0
2021-09-23 11:57:00,1632398220,0.24874699999999997,0.24874699999999997,0.24874699999999997,0.24874699999999997,0.0,0.0,0
2021-09-23 11:58:00,1632398280,0.249309,0.249309,0.249309,0.249309,0.249309,191.5015,1
2021-09-23 11:59:00,1632398340,0.249309,0.249309,0.249309,0.249309,0.0,0.0,0
2021-09-23 12:00:00,1632398400,0.24962800000000002,0.24962800000000002,0.24962800000000002,0.24962800000000002,0.24962800000000002,271.40970395,2
2021-09-23 12:01:00,1632398460,0.24967899999999998,0.24967899999999998,0.24967899999999998,0.24967899999999998,0.24967899999999998,188.90262,1
2021-09-23 12:02:00,1632398520,0.24967899999999998,0.24967899999999998,0.24967899999999998,0.24967899999999998,0.0,0.0,0
2021-09-23 12:03:00,1632398580,0.24967899999999998,0.24967899999999998,0.24967899999999998,0.24967899999999998,0.0,0.0,0
2021-09-23 12:04:00,1632398640,0.249309,0.249309,0.249309,0.249309,0.249309,1011.4985,1
2021-09-23 12:05:00,1632398700,0.249309,0.249309,0.249309,0.249309,0.0,0.0,0
2021-09-23 12:06:00,1632398760,0.249309,0.249309,0.249309,0.249309,0.0,0.0,0
2021-09-23 12:07:00,1632398820,0.24939299999999998,0.24939299999999998,0.24939299999999998,0.24939299999999998,0.24939299999999998,12.21405572,1
2021-09-23 12:08:00,1632398880,0.24939299999999998,0.24939299999999998,0.24939299999999998,0.24939299999999998,0.0,0.0,0
2021-09-23 12:09:00,1632398940,0.24939299999999998,0.24939299999999998,0.24939299999999998,0.24939299999999998,0.0,0.0,0
2021-09-23 12:10:00,1632399000,0.24946100000000002,0.24946100000000002,0.24946,0.24946,0.24946,8710.48327073,2
2021-09-23 12:11:00,1632399060,0.24946,0.24946,0.24946,0.24946,0.0,0.0,0
2021-09-23 12:12:00,1632399120,0.248377,0.248379,0.248377,0.248379,0.248377,42.42073,2
2021-09-23 12:13:00,1632399180,0.248379,0.248379,0.248379,0.248379,0.0,0.0,0
2021-09-23 12:14:00,1632399240,0.248926,0.248926,0.248926,0.248926,0.248926,50.9619018,1
2021-09-23 12:15:00,1632399300,0.24855,0.248613,0.248482,0.248482,0.248484,4506.93821349,3
2021-09-23 12:16:00,1632399360,0.24917399999999998,0.24917399999999998,0.24917399999999998,0.24917399999999998,0.24917399999999998,1700.27,1
2021-09-23 12:17:00,1632399420,0.24910900000000002,0.24910900000000002,0.24890700000000002,0.24890700000000002,0.249007,1684.8034300000006,2
2021-09-23 12:18:00,1632399480,0.24890700000000002,0.24915700000000002,0.24890700000000002,0.249112,0.248937,9595.34992501,3
2021-09-23 12:19:00,1632399540,0.248714,0.248714,0.248714,0.248714,0.248714,1480.99455859,1
2021-09-23 12:20:00,1632399600,0.248714,0.248714,0.248714,0.248714,0.0,0.0,0
2021-09-23 12:21:00,1632399660,0.248714,0.248714,0.248714,0.248714,0.0,0.0,0
2021-09-23 12:22:00,1632399720,0.248714,0.248714,0.248714,0.248714,0.0,0.0,0
2021-09-23 12:23:00,1632399780,0.248,0.24824200000000002,0.248,0.24824200000000002,0.24823299999999998,798.199,3
2021-09-23 12:24:00,1632399840,0.24824200000000002,0.24824200000000002,0.24824200000000002,0.24824200000000002,0.0,0.0,0
2021-09-23 12:25:00,1632399900,0.248714,0.248714,0.248714,0.248714,0.248714,1000.00000005,1
2021-09-23 12:26:00,1632399960,0.24899200000000002,0.24899899999999997,0.24899200000000002,0.24899899999999997,0.248995,10000.0,2
2021-09-23 12:27:00,1632400020,0.24899899999999997,0.24899899999999997,0.24899899999999997,0.24899899999999997,0.0,0.0,0
2021-09-23 12:28:00,1632400080,0.248613,0.24894899999999998,0.248613,0.24894899999999998,0.24864299999999998,308.61214482,2
2021-09-23 12:29:00,1632400140,0.24894899999999998,0.24894899999999998,0.24894899999999998,0.24894899999999998,0.0,0.0,0
2021-09-23 12:30:00,1632400200,0.24894899999999998,0.24894899999999998,0.24894899999999998,0.24894899999999998,0.0,0.0,0
2021-09-23 12:31:00,1632400260,0.248248,0.248248,0.248248,0.248248,0.248248,66.08487,1
2021-09-23 12:32:00,1632400320,0.24849200000000002,0.24849200000000002,0.24849200000000002,0.24849200000000002,0.24849200000000002,1988.11610979,1
2021-09-23 12:33:00,1632400380,0.248633,0.248633,0.248633,0.248633,0.248633,1024.954,1
2021-09-23 12:34:00,1632400440,0.248633,0.248633,0.248633,0.248633,0.0,0.0,0
2021-09-23 12:35:00,1632400500,0.248633,0.248633,0.248633,0.248633,0.0,0.0,0
2021-09-23 12:36:00,1632400560,0.248858,0.248887,0.248858,0.248887,0.24887199999999998,500.0,2
2021-09-23 12:37:00,1632400620,0.249,0.249,0.249,0.249,0.249,4589.02774054,2
2021-09-23 12:38:00,1632400680,0.249448,0.249448,0.249448,0.249448,0.249448,30.0,1
2021-09-23 12:39:00,1632400740,0.249448,0.249448,0.249448,0.249448,0.0,0.0,0
2021-09-23 12:40:00,1632400800,0.249385,0.249385,0.249385,0.249385,0.249385,176.34557329,1
2021-09-23 12:41:00,1632400860,0.249385,0.249385,0.249385,0.249385,0.0,0.0,0
2021-09-23 12:42:00,1632400920,0.249385,0.249385,0.249385,0.249385,0.0,0.0,0
2021-09-23 12:43:00,1632400980,0.249385,0.249385,0.249385,0.249385,0.0,0.0,0
2021-09-23 12:44:00,1632401040,0.24968,0.24968,0.249518,0.249567,0.24955500000000005,9793.88684143,4
2021-09-23 12:45:00,1632401100,0.249567,0.249567,0.249567,0.249567,0.0,0.0,0
2021-09-23 12:46:00,1632401160,0.24991100000000002,0.249953,0.24991100000000002,0.249953,0.249941,12500.0,3
2021-09-23 12:47:00,1632401220,0.249953,0.249953,0.249953,0.249953,0.0,0.0,0
2021-09-23 12:48:00,1632401280,0.24957,0.249611,0.24957,0.249611,0.249602,472.04611414,2
2021-09-23 12:49:00,1632401340,0.249611,0.249611,0.249611,0.249611,0.0,0.0,0
2021-09-23 12:50:00,1632401400,0.249611,0.249611,0.249611,0.249611,0.0,0.0,0
2021-09-23 12:51:00,1632401460,0.249704,0.24997399999999997,0.2497010000000001,0.24997399999999997,0.24974200000000002,1282.79976808,3
2021-09-23 12:52:00,1632401520,0.249283,0.249283,0.249283,0.249283,0.249283,248.90532757,2
2021-09-23 12:53:00,1632401580,0.249283,0.249283,0.249283,0.249283,0.0,0.0,0
2021-09-23 12:54:00,1632401640,0.249283,0.249283,0.249283,0.249283,0.0,0.0,0
2021-09-23 12:55:00,1632401700,0.24876700000000002,0.24876700000000002,0.24876700000000002,0.24876700000000002,0.24876700000000002,872.2469999,1
2021-09-23 12:56:00,1632401760,0.249308,0.249308,0.249308,0.249308,0.249308,300.0,1
2021-09-23 12:57:00,1632401820,0.249308,0.249308,0.249308,0.249308,0.0,0.0,0
2021-09-23 12:58:00,1632401880,0.249308,0.249308,0.249308,0.249308,0.0,0.0,0
2021-09-23 12:59:00,1632401940,0.249308,0.249308,0.249308,0.249308,0.0,0.0,0
2021-09-23 13:00:00,1632402000,0.249308,0.249308,0.249308,0.249308,0.0,0.0,0
2021-09-23 13:01:00,1632402060,0.24924699999999997,0.24924699999999997,0.24924699999999997,0.24924699999999997,0.24924699999999997,1181.94715044,1
2021-09-23 13:02:00,1632402120,0.24924699999999997,0.24924699999999997,0.24924699999999997,0.24924699999999997,0.0,0.0,0
2021-09-23 13:03:00,1632402180,0.249006,0.249006,0.249006,0.249006,0.249006,395.5665,1
2021-09-23 13:04:00,1632402240,0.24897399999999997,0.24897399999999997,0.24897399999999997,0.24897399999999997,0.24897399999999997,974.39192779,1
2021-09-23 13:05:00,1632402300,0.24897399999999997,0.24897399999999997,0.24897399999999997,0.24897399999999997,0.0,0.0,0
2021-09-23 13:06:00,1632402360,0.24897399999999997,0.24897399999999997,0.24897399999999997,0.24897399999999997,0.0,0.0,0
2021-09-23 13:07:00,1632402420,0.24897399999999997,0.24897399999999997,0.24897399999999997,0.24897399999999997,0.0,0.0,0
2021-09-23 13:08:00,1632402480,0.24897399999999997,0.24897399999999997,0.24897399999999997,0.24897399999999997,0.0,0.0,0
2021-09-23 13:09:00,1632402540,0.248394,0.248394,0.248394,0.248394,0.248394,393.49062,1
2021-09-23 13:10:00,1632402600,0.248394,0.248394,0.248394,0.248394,0.0,0.0,0
2021-09-23 13:11:00,1632402660,0.248394,0.248394,0.248394,0.248394,0.0,0.0,0
2021-09-23 13:12:00,1632402720,0.24861399999999997,0.24861399999999997,0.24861399999999997,0.24861399999999997,0.24861399999999997,82.38452020000003,1
2021-09-23 13:13:00,1632402780,0.24861399999999997,0.24861399999999997,0.24861399999999997,0.24861399999999997,0.0,0.0,0
2021-09-23 13:14:00,1632402840,0.248835,0.248835,0.248835,0.248835,0.248835,493.79343394,1
2021-09-23 13:15:00,1632402900,0.248835,0.248835,0.248835,0.248835,0.0,0.0,0
2021-09-23 13:16:00,1632402960,0.2490030000000001,0.24961999999999998,0.2490030000000001,0.24961999999999998,0.249271,1023.61736027,3
2021-09-23 13:17:00,1632403020,0.24961999999999998,0.24961999999999998,0.24961999999999998,0.24961999999999998,0.0,0.0,0
2021-09-23 13:18:00,1632403080,0.249777,0.249777,0.249777,0.249777,0.249777,37.15302,1
2021-09-23 13:19:00,1632403140,0.249777,0.249777,0.249777,0.249777,0.0,0.0,0
2021-09-23 13:20:00,1632403200,0.249777,0.249777,0.249777,0.249777,0.0,0.0,0
2021-09-23 13:21:00,1632403260,0.249777,0.249777,0.249777,0.249777,0.0,0.0,0
2021-09-23 13:22:00,1632403320,0.24914899999999998,0.24914899999999998,0.24914899999999998,0.24914899999999998,0.24914899999999998,441.46554735,1
2021-09-23 13:23:00,1632403380,0.249322,0.249322,0.249322,0.249322,0.249322,1000.0,1
2021-09-23 13:24:00,1632403440,0.249516,0.249516,0.249516,0.249516,0.249516,789.23491,1
2021-09-23 13:25:00,1632403500,0.249246,0.249246,0.24913400000000002,0.24913400000000002,0.24915700000000002,439.37956644,2
2021-09-23 13:26:00,1632403560,0.249266,0.249266,0.249266,0.249266,0.249266,108.141254,1
2021-09-23 13:27:00,1632403620,0.249266,0.249266,0.249266,0.249266,0.0,0.0,0
2021-09-23 13:28:00,1632403680,0.24922199999999997,0.24935500000000002,0.24922199999999997,0.24935500000000002,0.249352,497.79167783,2
2021-09-23 13:29:00,1632403740,0.24935500000000002,0.24935500000000002,0.24935500000000002,0.24935500000000002,0.0,0.0,0
2021-09-23 13:30:00,1632403800,0.24935500000000002,0.24935500000000002,0.24935500000000002,0.24935500000000002,0.0,0.0,0
2021-09-23 13:31:00,1632403860,0.24987199999999998,0.250139,0.24987199999999998,0.250139,0.249941,38.32127,2
2021-09-23 13:32:00,1632403920,0.250139,0.250139,0.250139,0.250139,0.0,0.0,0
2021-09-23 13:33:00,1632403980,0.250139,0.250139,0.250139,0.250139,0.250139,10.0,1
2021-09-23 13:34:00,1632404040,0.250825,0.25088499999999997,0.250825,0.25088499999999997,0.25085799999999997,246.5137788,2
2021-09-23 13:35:00,1632404100,0.2509,0.2509,0.2509,0.2509,0.2509,1920.24341937,4
2021-09-23 13:36:00,1632404160,0.250698,0.25090100000000004,0.250698,0.25090100000000004,0.250897,8008.3524818,2
2021-09-23 13:37:00,1632404220,0.25090100000000004,0.25090100000000004,0.25090100000000004,0.25090100000000004,0.0,0.0,0
2021-09-23 13:38:00,1632404280,0.251039,0.25188499999999997,0.251039,0.25188499999999997,0.251861,2049.61321091,5
2021-09-23 13:39:00,1632404340,0.25188499999999997,0.25188499999999997,0.25188499999999997,0.25188499999999997,0.0,0.0,0
2021-09-23 13:40:00,1632404400,0.25188499999999997,0.25188499999999997,0.25188499999999997,0.25188499999999997,0.0,0.0,0
2021-09-23 13:41:00,1632404460,0.252128,0.252128,0.252128,0.252128,0.252128,350.0,1
2021-09-23 13:42:00,1632404520,0.251946,0.251946,0.251946,0.251946,0.251946,190.0,1
2021-09-23 13:43:00,1632404580,0.252184,0.252184,0.252184,0.252184,0.252184,4430.28125468,2
2021-09-23 13:44:00,1632404640,0.252294,0.252294,0.252294,0.252294,0.252294,53.018345,1
2021-09-23 13:45:00,1632404700,0.252294,0.252294,0.252294,0.252294,0.0,0.0,0
2021-09-23 13:46:00,1632404760,0.252294,0.252294,0.252294,0.252294,0.0,0.0,0
2021-09-23 13:47:00,1632404820,0.252633,0.253098,0.252633,0.253098,0.253037,30000.0,5
2021-09-23 13:48:00,1632404880,0.253098,0.253098,0.253098,0.253098,0.0,0.0,0
2021-09-23 13:49:00,1632404940,0.25250100000000003,0.252502,0.25250100000000003,0.252502,0.25250100000000003,2376.08745584,2
2021-09-23 13:50:00,1632405000,0.252502,0.252502,0.252502,0.252502,0.0,0.0,0
2021-09-23 13:51:00,1632405060,0.252502,0.252502,0.252502,0.252502,0.0,0.0,0
2021-09-23 13:52:00,1632405120,0.252502,0.252502,0.252502,0.252502,0.0,0.0,0
2021-09-23 13:53:00,1632405180,0.252502,0.252502,0.252502,0.252502,0.0,0.0,0
2021-09-23 13:54:00,1632405240,0.2522,0.252728,0.2522,0.252525,0.252578,20217.0,9
2021-09-23 13:55:00,1632405300,0.252525,0.252525,0.252525,0.252525,0.0,0.0,0
2021-09-23 13:56:00,1632405360,0.252525,0.252525,0.252525,0.252525,0.0,0.0,0
2021-09-23 13:57:00,1632405420,0.252815,0.252815,0.252727,0.252727,0.252753,489.10852810000006,2
2021-09-23 13:58:00,1632405480,0.252727,0.252727,0.252727,0.252727,0.0,0.0,0
2021-09-23 13:59:00,1632405540,0.252727,0.252727,0.252727,0.252727,0.0,0.0,0
2021-09-23 14:00:00,1632405600,0.252768,0.252768,0.252768,0.252768,0.252768,10150.0,4
2021-09-23 14:01:00,1632405660,0.252768,0.252768,0.252768,0.252768,0.0,0.0,0
2021-09-23 14:02:00,1632405720,0.252767,0.252767,0.252767,0.252767,0.252767,395.66319971,1
2021-09-23 14:03:00,1632405780,0.252767,0.252767,0.252767,0.252767,0.0,0.0,0
2021-09-23 14:04:00,1632405840,0.252911,0.253318,0.252911,0.253318,0.253029,20831.1838,4
2021-09-23 14:05:00,1632405900,0.253181,0.253258,0.253181,0.253258,0.253205,101.60441862,2
2021-09-23 14:06:00,1632405960,0.253258,0.253258,0.253258,0.253258,0.0,0.0,0
2021-09-23 14:07:00,1632406020,0.253258,0.253258,0.253258,0.253258,0.0,0.0,0
2021-09-23 14:08:00,1632406080,0.253258,0.253258,0.253258,0.253258,0.0,0.0,0
2021-09-23 14:09:00,1632406140,0.25351599999999996,0.25351599999999996,0.25351599999999996,0.25351599999999996,0.25351599999999996,1024.54978918,2
2021-09-23 14:10:00,1632406200,0.253327,0.254236,0.253327,0.254236,0.25337600000000005,19039.28377847,8
2021-09-23 14:11:00,1632406260,0.25468,0.257355,0.25468,0.25615,0.25605700000000003,101789.12804244,27
2021-09-23 14:12:00,1632406320,0.256162,0.256653,0.256162,0.256614,0.25643699999999997,5365.07820361,7
2021-09-23 14:13:00,1632406380,0.256614,0.256614,0.256614,0.256614,0.0,0.0,0
2021-09-23 14:14:00,1632406440,0.255888,0.255888,0.255888,0.255888,0.255888,195.269722,1
2021-09-23 14:15:00,1632406500,0.255888,0.255888,0.255888,0.255888,0.0,0.0,0
2021-09-23 14:16:00,1632406560,0.255819,0.255819,0.255819,0.255819,0.255819,116.655514,1
2021-09-23 14:17:00,1632406620,0.255819,0.255819,0.255819,0.255819,0.0,0.0,0
2021-09-23 14:18:00,1632406680,0.254779,0.254779,0.254779,0.254779,0.254779,800.0,1
2021-09-23 14:19:00,1632406740,0.254779,0.254779,0.254779,0.254779,0.0,0.0,0
2021-09-23 14:20:00,1632406800,0.255269,0.255269,0.25511799999999996,0.25511799999999996,0.255212,637.23649724,2
2021-09-23 14:21:00,1632406860,0.25511799999999996,0.25511799999999996,0.25511799999999996,0.25511799999999996,0.0,0.0,0
2021-09-23 14:22:00,1632406920,0.255197,0.255197,0.255197,0.255197,0.255197,70.0,1
2021-09-23 14:23:00,1632406980,0.255682,0.255682,0.255682,0.255682,0.255682,10.38125483,1
2021-09-23 14:24:00,1632407040,0.255682,0.255682,0.255682,0.255682,0.0,0.0,0
2021-09-23 14:25:00,1632407100,0.255193,0.255193,0.255193,0.255193,0.255193,800.0,1
2021-09-23 14:26:00,1632407160,0.255193,0.255193,0.255193,0.255193,0.0,0.0,0
2021-09-23 14:27:00,1632407220,0.25519200000000003,0.25519200000000003,0.25519200000000003,0.25519200000000003,0.25519200000000003,1912.13507,2
2021-09-23 14:28:00,1632407280,0.25519200000000003,0.25519200000000003,0.25519200000000003,0.25519200000000003,0.0,0.0,0
2021-09-23 14:29:00,1632407340,0.25519200000000003,0.25519200000000003,0.25519200000000003,0.25519200000000003,0.25519200000000003,3587.98659053,1
2021-09-23 14:30:00,1632407400,0.25519200000000003,0.25519200000000003,0.25519200000000003,0.25519200000000003,0.0,0.0,0
2021-09-23 14:31:00,1632407460,0.25519200000000003,0.25519200000000003,0.25519200000000003,0.25519200000000003,0.0,0.0,0
2021-09-23 14:32:00,1632407520,0.25519200000000003,0.25519200000000003,0.25519200000000003,0.25519200000000003,0.0,0.0,0
2021-09-23 14:33:00,1632407580,0.25519200000000003,0.25519200000000003,0.25519200000000003,0.25519200000000003,0.0,0.0,0
2021-09-23 14:34:00,1632407640,0.25519200000000003,0.25519200000000003,0.25519200000000003,0.25519200000000003,0.0,0.0,0
2021-09-23 14:35:00,1632407700,0.25519200000000003,0.25519200000000003,0.25519200000000003,0.25519200000000003,0.25519200000000003,56.79844983,1
2021-09-23 14:36:00,1632407760,0.25519200000000003,0.25519200000000003,0.25519200000000003,0.25519200000000003,0.0,0.0,0
2021-09-23 14:37:00,1632407820,0.255602,0.255602,0.255602,0.255602,0.255602,1000.0,1
2021-09-23 14:38:00,1632407880,0.25578,0.255973,0.25578,0.255973,0.255969,21145.0764881,3
2021-09-23 14:39:00,1632407940,0.256159,0.256159,0.256159,0.256159,0.256159,748.0,10
2021-09-23 14:40:00,1632408000,0.256244,0.256314,0.256244,0.256314,0.256303,100000.0,7
2021-09-23 14:41:00,1632408060,0.256314,0.256314,0.256314,0.256314,0.0,0.0,0
2021-09-23 14:42:00,1632408120,0.25616500000000003,0.25616500000000003,0.25616500000000003,0.25616500000000003,0.25616500000000003,576.9064900000002,1
2021-09-23 14:43:00,1632408180,0.256164,0.25616500000000003,0.256164,0.25616500000000003,0.256164,4820.0,2
2021-09-23 14:44:00,1632408240,0.25616500000000003,0.25616500000000003,0.25616500000000003,0.25616500000000003,0.0,0.0,0
2021-09-23 14:45:00,1632408300,0.25645100000000004,0.256458,0.25645100000000004,0.256458,0.256454,132.99133,2
2021-09-23 14:46:00,1632408360,0.256046,0.256046,0.256046,0.256046,0.256046,45000.0,1
2021-09-23 14:47:00,1632408420,0.256046,0.256046,0.256046,0.256046,0.0,0.0,0
2021-09-23 14:48:00,1632408480,0.255252,0.255252,0.255252,0.255252,0.255252,1152.02442833,1
2021-09-23 14:49:00,1632408540,0.255252,0.255252,0.255252,0.255252,0.0,0.0,0
2021-09-23 14:50:00,1632408600,0.255502,0.255502,0.2555,0.2555,0.25550100000000003,10449.17913824,3
2021-09-23 14:51:00,1632408660,0.25567,0.25567,0.255365,0.255365,0.255379,11880.66716,4
2021-09-23 14:52:00,1632408720,0.255365,0.255365,0.255365,0.255365,0.0,0.0,0
2021-09-23 14:53:00,1632408780,0.255365,0.255365,0.255365,0.255365,0.0,0.0,0
2021-09-23 14:54:00,1632408840,0.255311,0.255311,0.255311,0.255311,0.255311,391.72068575,1
2021-09-23 14:55:00,1632408900,0.255311,0.255311,0.255311,0.255311,0.0,0.0,0
2021-09-23 14:56:00,1632408960,0.255335,0.255336,0.255335,0.255336,0.255335,487.69132821,2
2021-09-23 14:57:00,1632409020,0.255029,0.255029,0.255029,0.255029,0.255029,57.91631,1
2021-09-23 14:58:00,1632409080,0.255029,0.255029,0.255029,0.255029,0.0,0.0,0
2021-09-23 14:59:00,1632409140,0.25516700000000003,0.255285,0.25516700000000003,0.255268,0.255267,2604.18038282,3
2021-09-23 15:00:00,1632409200,0.255268,0.255268,0.255268,0.255268,0.0,0.0,0
2021-09-23 15:01:00,1632409260,0.255268,0.255268,0.255268,0.255268,0.0,0.0,0
2021-09-23 15:02:00,1632409320,0.255268,0.255268,0.255268,0.255268,0.0,0.0,0
2021-09-23 15:03:00,1632409380,0.25551,0.25551,0.25551,0.25551,0.25551,184.58494,1
2021-09-23 15:04:00,1632409440,0.255385,0.255385,0.255385,0.255385,0.255385,297.14277746,1
2021-09-23 15:05:00,1632409500,0.255385,0.255385,0.255385,0.255385,0.0,0.0,0
2021-09-23 15:06:00,1632409560,0.25540100000000004,0.25540100000000004,0.25540100000000004,0.25540100000000004,0.25540100000000004,9.9354,1
2021-09-23 15:07:00,1632409620,0.25540100000000004,0.25540100000000004,0.25540100000000004,0.25540100000000004,0.0,0.0,0
2021-09-23 15:08:00,1632409680,0.25540100000000004,0.25540100000000004,0.25540100000000004,0.25540100000000004,0.0,0.0,0
2021-09-23 15:09:00,1632409740,0.25540100000000004,0.25540100000000004,0.25540100000000004,0.25540100000000004,0.0,0.0,0
2021-09-23 15:10:00,1632409800,0.25540100000000004,0.25540100000000004,0.25540100000000004,0.25540100000000004,0.0,0.0,0
2021-09-23 15:11:00,1632409860,0.255,0.255,0.255,0.255,0.255,88.0,1
2021-09-23 15:12:00,1632409920,0.255287,0.255287,0.255287,0.255287,0.255287,859.2,1
2021-09-23 15:13:00,1632409980,0.255287,0.255287,0.255287,0.255287,0.0,0.0,0
2021-09-23 15:14:00,1632410040,0.255209,0.255209,0.255209,0.255209,0.255209,149.0,1
2021-09-23 15:15:00,1632410100,0.25521,0.25521,0.25521,0.25521,0.25521,3920.0,1
2021-09-23 15:16:00,1632410160,0.25521,0.25521,0.25521,0.25521,0.25521,400.0,1
2021-09-23 15:17:00,1632410220,0.25521,0.25521,0.25521,0.25521,0.25521,1111.28459112,1
2021-09-23 15:18:00,1632410280,0.25521,0.25521,0.25521,0.25521,0.0,0.0,0
2021-09-23 15:19:00,1632410340,0.25521,0.25521,0.25521,0.25521,0.0,0.0,0
2021-09-23 15:20:00,1632410400,0.25554499999999997,0.255594,0.25554499999999997,0.255594,0.255558,698.07090234,3
2021-09-23 15:21:00,1632410460,0.255594,0.255594,0.255594,0.255594,0.0,0.0,0
2021-09-23 15:22:00,1632410520,0.255,0.255,0.255,0.255,0.255,183.76470588,1
2021-09-23 15:23:00,1632410580,0.255,0.255,0.255,0.255,0.0,0.0,0
2021-09-23 15:24:00,1632410640,0.254243,0.254243,0.254243,0.254243,0.254243,389.67326488,1
2021-09-23 15:25:00,1632410700,0.254243,0.254243,0.254243,0.254243,0.0,0.0,0
2021-09-23 15:26:00,1632410760,0.253841,0.253841,0.253841,0.253841,0.253841,1000.0,1
2021-09-23 15:27:00,1632410820,0.253841,0.253841,0.253841,0.253841,0.0,0.0,0
2021-09-23 15:28:00,1632410880,0.253841,0.253841,0.253841,0.253841,0.0,0.0,0
2021-09-23 15:29:00,1632410940,0.253841,0.253841,0.253841,0.253841,0.0,0.0,0
2021-09-23 15:30:00,1632411000,0.253431,0.253431,0.253431,0.253431,0.253431,35.83524279,1
2021-09-23 15:31:00,1632411060,0.253431,0.253431,0.253431,0.253431,0.0,0.0,0
2021-09-23 15:32:00,1632411120,0.25299,0.253,0.25299,0.253,0.25299299999999997,53.53599000000001,2
2021-09-23 15:33:00,1632411180,0.252867,0.252867,0.252867,0.252867,0.252867,1417.65449,1
2021-09-23 15:34:00,1632411240,0.253021,0.253021,0.253021,0.253021,0.253021,37.64669486,1
2021-09-23 15:35:00,1632411300,0.252857,0.252857,0.252857,0.252857,0.252857,45.34005449,1
2021-09-23 15:36:00,1632411360,0.252857,0.252857,0.252857,0.252857,0.0,0.0,0
2021-09-23 15:37:00,1632411420,0.252857,0.252857,0.252857,0.252857,0.0,0.0,0
2021-09-23 15:38:00,1632411480,0.253025,0.25308,0.253025,0.25308,0.25305500000000003,9731.27809,2
2021-09-23 15:39:00,1632411540,0.25308,0.25308,0.25308,0.25308,0.0,0.0,0
2021-09-23 15:40:00,1632411600,0.25308,0.25308,0.25308,0.25308,0.0,0.0,0
2021-09-23 15:41:00,1632411660,0.253143,0.253143,0.253143,0.253143,0.253143,40.0,1
2021-09-23 15:42:00,1632411720,0.253143,0.253143,0.253143,0.253143,0.0,0.0,0
2021-09-23 15:43:00,1632411780,0.253828,0.253828,0.253828,0.253828,0.253828,3.88145,1
2021-09-23 15:44:00,1632411840,0.253828,0.253828,0.253828,0.253828,0.0,0.0,0
2021-09-23 15:45:00,1632411900,0.25374800000000003,0.25374800000000003,0.25349299999999997,0.253556,0.25352600000000003,8074.12393,3
2021-09-23 15:46:00,1632411960,0.253431,0.253431,0.253431,0.253431,0.253431,539.08558081,1
2021-09-23 15:47:00,1632412020,0.253431,0.253431,0.253431,0.253431,0.0,0.0,0
2021-09-23 15:48:00,1632412080,0.25324,0.25324,0.25324,0.25324,0.25324,19.0,1
2021-09-23 15:49:00,1632412140,0.25324,0.25324,0.25324,0.25324,0.0,0.0,0
2021-09-23 15:50:00,1632412200,0.25324,0.25324,0.25324,0.25324,0.0,0.0,0
2021-09-23 15:51:00,1632412260,0.25324,0.25324,0.25324,0.25324,0.0,0.0,0
2021-09-23 15:52:00,1632412320,0.25324,0.25324,0.25324,0.25324,0.0,0.0,0
2021-09-23 15:53:00,1632412380,0.25300100000000003,0.25300100000000003,0.25300100000000003,0.25300100000000003,0.25300100000000003,313.8199333,1
2021-09-23 15:54:00,1632412440,0.25300100000000003,0.25300100000000003,0.25239,0.25239,0.252994,4285.02504931,5
2021-09-23 15:55:00,1632412500,0.25239,0.25239,0.25239,0.25239,0.0,0.0,0
2021-09-23 15:56:00,1632412560,0.25239,0.25239,0.25239,0.25239,0.0,0.0,0
2021-09-23 15:57:00,1632412620,0.252952,0.252952,0.252952,0.252952,0.252952,3516.09771111,2
2021-09-23 15:58:00,1632412680,0.252789,0.252789,0.252789,0.252789,0.252789,7.794410000000001,1
2021-09-23 15:59:00,1632412740,0.25294099999999997,0.25294099999999997,0.25294099999999997,0.25294099999999997,0.25294099999999997,3514.44939455,1
2021-09-23 16:00:00,1632412800,0.253013,0.253013,0.253013,0.253013,0.253013,3514.8822307,1
2021-09-23 16:01:00,1632412860,0.253013,0.253013,0.253013,0.253013,0.0,0.0,0
2021-09-23 16:02:00,1632412920,0.252916,0.253608,0.252916,0.253608,0.25358600000000003,7925.17001453,5
2021-09-23 16:03:00,1632412980,0.253736,0.253736,0.253736,0.253736,0.253736,7.76657,1
2021-09-23 16:04:00,1632413040,0.253736,0.253736,0.253736,0.253736,0.0,0.0,0
2021-09-23 16:05:00,1632413100,0.253736,0.253736,0.253736,0.253736,0.0,0.0,0
2021-09-23 16:06:00,1632413160,0.253736,0.253736,0.253736,0.253736,0.0,0.0,0
2021-09-23 16:07:00,1632413220,0.254159,0.254159,0.254159,0.254159,0.254159,500.0,1
2021-09-23 16:08:00,1632413280,0.254159,0.254159,0.254159,0.254159,0.0,0.0,0
2021-09-23 16:09:00,1632413340,0.254159,0.254159,0.254159,0.254159,0.0,0.0,0
2021-09-23 16:10:00,1632413400,0.254159,0.254159,0.254159,0.254159,0.0,0.0,0
2021-09-23 16:11:00,1632413460,0.254159,0.254159,0.254159,0.254159,0.0,0.0,0
2021-09-23 16:12:00,1632413520,0.253659,0.253659,0.25358600000000003,0.25358600000000003,0.253617,7771.626759999999,2
2021-09-23 16:13:00,1632413580,0.25358600000000003,0.25358600000000003,0.25358600000000003,0.25358600000000003,0.0,0.0,0
2021-09-23 16:14:00,1632413640,0.25358600000000003,0.25358600000000003,0.25358600000000003,0.25358600000000003,0.0,0.0,0
2021-09-23 16:15:00,1632413700,0.25358600000000003,0.25358600000000003,0.25358600000000003,0.25358600000000003,0.0,0.0,0
2021-09-23 16:16:00,1632413760,0.25358600000000003,0.25358600000000003,0.25358600000000003,0.25358600000000003,0.0,0.0,0
2021-09-23 16:17:00,1632413820,0.25358600000000003,0.25358600000000003,0.25358600000000003,0.25358600000000003,0.0,0.0,0
2021-09-23 16:18:00,1632413880,0.25358600000000003,0.25358600000000003,0.25358600000000003,0.25358600000000003,0.0,0.0,0
2021-09-23 16:19:00,1632413940,0.25358600000000003,0.25358600000000003,0.25358600000000003,0.25358600000000003,0.0,0.0,0
2021-09-23 16:20:00,1632414000,0.253895,0.253895,0.253895,0.253895,0.253895,292.84817769999995,1
2021-09-23 16:21:00,1632414060,0.253895,0.253895,0.253895,0.253895,0.0,0.0,0
2021-09-23 16:22:00,1632414120,0.254188,0.254188,0.254188,0.254188,0.254188,819.84458483,1
2021-09-23 16:23:00,1632414180,0.254188,0.254188,0.254188,0.254188,0.0,0.0,0
2021-09-23 16:24:00,1632414240,0.254188,0.254188,0.254188,0.254188,0.0,0.0,0
2021-09-23 16:25:00,1632414300,0.254188,0.254188,0.254188,0.254188,0.0,0.0,0
2021-09-23 16:26:00,1632414360,0.253646,0.253646,0.253467,0.253467,0.25363,423.38383815,2
2021-09-23 16:27:00,1632414420,0.253315,0.253315,0.253315,0.253315,0.253315,4019.48418532,1
2021-09-23 16:28:00,1632414480,0.253315,0.253315,0.253315,0.253315,0.0,0.0,0
2021-09-23 16:29:00,1632414540,0.253315,0.253315,0.253315,0.253315,0.0,0.0,0
2021-09-23 16:30:00,1632414600,0.253315,0.253315,0.253315,0.253315,0.0,0.0,0
2021-09-23 16:31:00,1632414660,0.25392,0.25392,0.25392,0.25392,0.25392,260.46469,1
2021-09-23 16:32:00,1632414720,0.25392,0.25392,0.25392,0.25392,0.0,0.0,0
2021-09-23 16:33:00,1632414780,0.25392,0.25392,0.25392,0.25392,0.0,0.0,0
2021-09-23 16:34:00,1632414840,0.25392,0.25392,0.25392,0.25392,0.0,0.0,0
2021-09-23 16:35:00,1632414900,0.25392,0.25392,0.25392,0.25392,0.0,0.0,0
2021-09-23 16:36:00,1632414960,0.25392,0.25392,0.25392,0.25392,0.0,0.0,0
2021-09-23 16:37:00,1632415020,0.25392,0.25392,0.25392,0.25392,0.0,0.0,0
2021-09-23 16:38:00,1632415080,0.254625,0.254625,0.25458600000000003,0.25458600000000003,0.254623,1047.5584199999996,2
2021-09-23 16:39:00,1632415140,0.25451799999999997,0.25451799999999997,0.25451799999999997,0.25451799999999997,0.25451799999999997,187.74016,1
2021-09-23 16:40:00,1632415200,0.254358,0.254358,0.254358,0.254358,0.254358,937.49263,1
2021-09-23 16:41:00,1632415260,0.254358,0.254358,0.254358,0.254358,0.0,0.0,0
2021-09-23 16:42:00,1632415320,0.254358,0.254358,0.254358,0.254358,0.0,0.0,0
2021-09-23 16:43:00,1632415380,0.254358,0.254358,0.254358,0.254358,0.0,0.0,0
2021-09-23 16:44:00,1632415440,0.254358,0.254358,0.254358,0.254358,0.0,0.0,0
2021-09-23 16:45:00,1632415500,0.254358,0.254358,0.254358,0.254358,0.0,0.0,0
2021-09-23 16:46:00,1632415560,0.254358,0.254358,0.254358,0.254358,0.0,0.0,0
2021-09-23 16:47:00,1632415620,0.254358,0.254358,0.254358,0.254358,0.0,0.0,0
2021-09-23 16:48:00,1632415680,0.254527,0.254527,0.254527,0.254527,0.254527,40.08038388,1
2021-09-23 16:49:00,1632415740,0.25426,0.25426,0.25426,0.25426,0.25426,40.1933269,1
2021-09-23 16:50:00,1632415800,0.25426,0.25426,0.25426,0.25426,0.25426,43.2872126,1
2021-09-23 16:51:00,1632415860,0.254752,0.254752,0.254752,0.254752,0.254752,39.2,1
2021-09-23 16:52:00,1632415920,0.254752,0.254752,0.254752,0.254752,0.0,0.0,0
2021-09-23 16:53:00,1632415980,0.254752,0.254752,0.254752,0.254752,0.0,0.0,0
2021-09-23 16:54:00,1632416040,0.254752,0.254752,0.254752,0.254752,0.0,0.0,0
2021-09-23 16:55:00,1632416100,0.25407399999999997,0.25407399999999997,0.25407399999999997,0.25407399999999997,0.25407399999999997,62.0,1
2021-09-23 16:56:00,1632416160,0.25407399999999997,0.25407399999999997,0.25407399999999997,0.25407399999999997,0.0,0.0,0
2021-09-23 16:57:00,1632416220,0.253862,0.254004,0.253862,0.254004,0.253877,1763.61030478,2
2021-09-23 16:58:00,1632416280,0.254004,0.254004,0.254004,0.254004,0.0,0.0,0
2021-09-23 16:59:00,1632416340,0.254004,0.254004,0.254004,0.254004,0.0,0.0,0
2021-09-23 17:00:00,1632416400,0.255391,0.255391,0.255391,0.255391,0.255391,927.578,1
2021-09-23 17:01:00,1632416460,0.255391,0.255391,0.255391,0.255391,0.0,0.0,0
2021-09-23 17:02:00,1632416520,0.255391,0.255391,0.255391,0.255391,0.0,0.0,0
2021-09-23 17:03:00,1632416580,0.255391,0.255391,0.255391,0.255391,0.0,0.0,0
2021-09-23 17:04:00,1632416640,0.255391,0.255391,0.255391,0.255391,0.0,0.0,0
2021-09-23 17:05:00,1632416700,0.255391,0.255391,0.255391,0.255391,0.0,0.0,0
2021-09-23 17:06:00,1632416760,0.255669,0.25600500000000004,0.255669,0.25600500000000004,0.255787,2612.00879,7
2021-09-23 17:07:00,1632416820,0.25613600000000003,0.25613600000000003,0.25613600000000003,0.25613600000000003,0.25613600000000003,1689.7564,1
2021-09-23 17:08:00,1632416880,0.25613600000000003,0.25613600000000003,0.25613600000000003,0.25613600000000003,0.0,0.0,0
2021-09-23 17:09:00,1632416940,0.25613600000000003,0.25613600000000003,0.25613600000000003,0.25613600000000003,0.0,0.0,0
2021-09-23 17:10:00,1632417000,0.25610900000000003,0.25610900000000003,0.25610900000000003,0.25610900000000003,0.25610900000000003,1558.10652341,2
2021-09-23 17:11:00,1632417060,0.25603899999999996,0.256287,0.25603899999999996,0.256241,0.256227,7469.195290000002,3
2021-09-23 17:12:00,1632417120,0.256241,0.256241,0.256241,0.256241,0.0,0.0,0
2021-09-23 17:13:00,1632417180,0.255803,0.255803,0.255803,0.255803,0.255803,5410.9416,2
2021-09-23 17:14:00,1632417240,0.255803,0.255803,0.255803,0.255803,0.0,0.0,0
2021-09-23 17:15:00,1632417300,0.255803,0.255803,0.255803,0.255803,0.0,0.0,0
2021-09-23 17:16:00,1632417360,0.256894,0.256894,0.256894,0.256894,0.256894,161.0737583,1
2021-09-23 17:17:00,1632417420,0.256894,0.256894,0.256894,0.256894,0.0,0.0,0
2021-09-23 17:18:00,1632417480,0.256706,0.256706,0.256706,0.256706,0.256706,1347.35202492,1
2021-09-23 17:19:00,1632417540,0.256676,0.256676,0.256676,0.256676,0.256676,10.0,1
2021-09-23 17:20:00,1632417600,0.256542,0.256722,0.256475,0.25655,0.256637,28060.66939693,8
2021-09-23 17:21:00,1632417660,0.25648000000000004,0.25648000000000004,0.256479,0.256479,0.256479,1929.41648498,2
2021-09-23 17:22:00,1632417720,0.256479,0.256479,0.256479,0.256479,0.0,0.0,0
2021-09-23 17:23:00,1632417780,0.256479,0.256479,0.256479,0.256479,0.0,0.0,0
2021-09-23 17:24:00,1632417840,0.25611999999999996,0.25611999999999996,0.25611999999999996,0.25611999999999996,0.25611999999999996,5.94367,1
2021-09-23 17:25:00,1632417900,0.25611999999999996,0.25611999999999996,0.25611999999999996,0.25611999999999996,0.0,0.0,0
2021-09-23 17:26:00,1632417960,0.25669200000000003,0.25669200000000003,0.25669200000000003,0.25669200000000003,0.25669200000000003,125.54894719,1
2021-09-23 17:27:00,1632418020,0.2567,0.2567,0.2567,0.2567,0.2567,1107.07687,1
2021-09-23 17:28:00,1632418080,0.25653000000000004,0.25653000000000004,0.25653000000000004,0.25653000000000004,0.25653000000000004,478.05846696,1
2021-09-23 17:29:00,1632418140,0.25653000000000004,0.25653000000000004,0.25653000000000004,0.25653000000000004,0.0,0.0,0
2021-09-23 17:30:00,1632418200,0.25653000000000004,0.25653000000000004,0.25653000000000004,0.25653000000000004,0.0,0.0,0
2021-09-23 17:31:00,1632418260,0.25653000000000004,0.25653000000000004,0.25653000000000004,0.25653000000000004,0.0,0.0,0
2021-09-23 17:32:00,1632418320,0.256579,0.256579,0.25653000000000004,0.25655300000000003,0.25656100000000004,3838.21367053,9
2021-09-23 17:33:00,1632418380,0.256364,0.256364,0.256364,0.256364,0.256364,10.0,1
2021-09-23 17:34:00,1632418440,0.256216,0.256328,0.256216,0.256328,0.256218,405.87503997,2
2021-09-23 17:35:00,1632418500,0.255959,0.255959,0.255859,0.255859,0.255914,7906.25952997,2
2021-09-23 17:36:00,1632418560,0.256215,0.256215,0.256204,0.256204,0.256205,8500.0,3
2021-09-23 17:37:00,1632418620,0.256151,0.256151,0.256151,0.256151,0.256151,63047.0,1
2021-09-23 17:38:00,1632418680,0.25696599999999997,0.257139,0.25696599999999997,0.257139,0.25700700000000004,206.90263712,2
2021-09-23 17:39:00,1632418740,0.257139,0.257139,0.257139,0.257139,0.0,0.0,0
2021-09-23 17:40:00,1632418800,0.256695,0.256695,0.256695,0.256695,0.256695,619.74058259,1
2021-09-23 17:41:00,1632418860,0.257289,0.257522,0.257289,0.257522,0.257445,95000.0,14
2021-09-23 17:42:00,1632418920,0.257522,0.257522,0.257522,0.257522,0.0,0.0,0
2021-09-23 17:43:00,1632418980,0.257772,0.257772,0.257772,0.257772,0.257772,76.06537367,1
2021-09-23 17:44:00,1632419040,0.257772,0.257772,0.257772,0.257772,0.0,0.0,0
2021-09-23 17:45:00,1632419100,0.257756,0.257756,0.25756,0.25756,0.25760900000000003,95000.0,11
2021-09-23 17:46:00,1632419160,0.257768,0.257916,0.257768,0.257916,0.25784,179.38414,3
2021-09-23 17:47:00,1632419220,0.257502,0.257752,0.257502,0.257752,0.25753200000000004,3865.75446798,2
2021-09-23 17:48:00,1632419280,0.257752,0.257752,0.257752,0.257752,0.0,0.0,0
2021-09-23 17:49:00,1632419340,0.257465,0.257465,0.257465,0.257465,0.257465,394.47349,1
2021-09-23 17:50:00,1632419400,0.257448,0.257448,0.257448,0.257448,0.257448,15.7806,1
2021-09-23 17:51:00,1632419460,0.257537,0.257537,0.257537,0.257537,0.257537,109.53328,1
2021-09-23 17:52:00,1632419520,0.257537,0.257537,0.257537,0.257537,0.0,0.0,0
2021-09-23 17:53:00,1632419580,0.257537,0.257537,0.257537,0.257537,0.0,0.0,0
2021-09-23 17:54:00,1632419640,0.25764899999999996,0.25764899999999996,0.257432,0.25753400000000004,0.25755100000000003,3752.23802,4
2021-09-23 17:55:00,1632419700,0.25753400000000004,0.25753400000000004,0.25753400000000004,0.25753400000000004,0.0,0.0,0
2021-09-23 17:56:00,1632419760,0.25753400000000004,0.25753400000000004,0.25753400000000004,0.25753400000000004,0.0,0.0,0
2021-09-23 17:57:00,1632419820,0.2572,0.2572,0.2572,0.2572,0.2572,10.0,1
2021-09-23 17:58:00,1632419880,0.2572,0.2572,0.2572,0.2572,0.0,0.0,0
2021-09-23 17:59:00,1632419940,0.2572,0.2572,0.2572,0.2572,0.0,0.0,0
2021-09-23 18:00:00,1632420000,0.257218,0.257414,0.257218,0.25727300000000003,0.257319,11994.0,7
2021-09-23 18:01:00,1632420060,0.25755300000000003,0.25755300000000003,0.25744,0.25744,0.25748899999999997,10000.0,2
2021-09-23 18:02:00,1632420120,0.257797,0.257797,0.257797,0.257797,0.257797,1100.0,1
2021-09-23 18:03:00,1632420180,0.257446,0.25767399999999996,0.257446,0.25767399999999996,0.25746399999999997,620.34825287,2
2021-09-23 18:04:00,1632420240,0.257679,0.257679,0.257222,0.257242,0.257308,14854.7085915,15
2021-09-23 18:05:00,1632420300,0.256945,0.256945,0.256945,0.256945,0.256945,1752.51512969,4
2021-09-23 18:06:00,1632420360,0.256945,0.256945,0.256945,0.256945,0.0,0.0,0
2021-09-23 18:07:00,1632420420,0.256945,0.256945,0.256945,0.256945,0.0,0.0,0
2021-09-23 18:08:00,1632420480,0.25660700000000003,0.25660700000000003,0.25650100000000003,0.25650100000000003,0.256511,718.41235087,2
2021-09-23 18:09:00,1632420540,0.25650100000000003,0.25650100000000003,0.25650100000000003,0.25650100000000003,0.0,0.0,0
2021-09-23 18:10:00,1632420600,0.256319,0.256319,0.256319,0.256319,0.256319,10.0,1
2021-09-23 18:11:00,1632420660,0.25597600000000004,0.25597600000000004,0.25597600000000004,0.25597600000000004,0.0,0.0,0
2021-09-23 18:12:00,1632420720,0.255882,0.255882,0.255882,0.255882,0.0,0.0,0
2021-09-23 18:13:00,1632420780,0.256148,0.256148,0.256148,0.256148,0.0,0.0,0
2021-09-23 18:14:00,1632420840,0.255859,0.25586,0.255765,0.25586,0.255799,4557.22543232,3
2021-09-23 18:15:00,1632420900,0.256378,0.256378,0.256081,0.256131,0.25616700000000003,10611.08333067,16
2021-09-23 18:16:00,1632420960,0.256131,0.256131,0.256131,0.256131,0.0,0.0,0
2021-09-23 18:17:00,1632421020,0.256131,0.256131,0.256131,0.256131,0.0,0.0,0
2021-09-23 18:18:00,1632421080,0.256131,0.256131,0.256131,0.256131,0.0,0.0,0
2021-09-23 18:19:00,1632421140,0.255701,0.255701,0.255683,0.255683,0.255691,2300.0,2
2021-09-23 18:20:00,1632421200,0.255683,0.255683,0.255683,0.255683,0.0,0.0,0
2021-09-23 18:21:00,1632421260,0.255683,0.255683,0.255683,0.255683,0.0,0.0,0
2021-09-23 18:22:00,1632421320,0.255683,0.255683,0.255683,0.255683,0.0,0.0,0
2021-09-23 18:23:00,1632421380,0.255683,0.255683,0.255683,0.255683,0.0,0.0,0
2021-09-23 18:24:00,1632421440,0.255683,0.255683,0.255683,0.255683,0.0,0.0,0
2021-09-23 18:25:00,1632421500,0.255683,0.255683,0.255683,0.255683,0.0,0.0,0
2021-09-23 18:26:00,1632421560,0.255683,0.255683,0.255683,0.255683,0.0,0.0,0
2021-09-23 18:27:00,1632421620,0.25656999999999996,0.25656999999999996,0.256548,0.256548,0.256552,7439.54000003,3
2021-09-23 18:28:00,1632421680,0.256548,0.256548,0.256548,0.256548,0.0,0.0,0
2021-09-23 18:29:00,1632421740,0.256501,0.256501,0.256500,0.256500,0.256500,388.43456648,2
2021-09-23 18:30:00,1632421800,0.256500,0.256500,0.256264,0.256264,0.256497,1825.29271676,2
2021-09-23 18:31:00,1632421860,0.256445,0.256445,0.256445,0.256445,0.256445,2000.00000000,1
2021-09-23 18:32:00,1632421920,0.256445,0.256445,0.256445,0.256445,0.000000,0.00000000,0
2021-09-23 18:33:00,1632421980,0.256445,0.256445,0.256445,0.256445,0.000000,0.00000000,0
2021-09-23 18:34:00,1632422040,0.256295,0.256295,0.256232,0.256232,0.256284,1577.30194000,3
2021-09-23 18:35:00,1632422100,0.256295,0.256295,0.256295,0.256295,0.256295,2225.00000000,1
2021-09-23 18:36:00,1632422160,0.256227,0.256227,0.255906,0.255906,0.255965,4195.76796368,4
2021-09-23 18:37:00,1632422220,0.255906,0.255906,0.255906,0.255906,0.000000,0.00000000,0
2021-09-23 18:38:00,1632422280,0.255957,0.255957,0.255957,0.255957,0.255957,192.45843000,1
2021-09-23 18:39:00,1632422340,0.256170,0.256170,0.256170,0.256170,0.256170,8.08401000,1
